date,v001,v002,v003,v004,v005,v006,v007,v008,v009,v010,v011,v000,average_c,average_k
2024-01-01,0.04217468645588164,0.09892245178327638,0.019520666771495804,0.0003702835254495762,0.213927652409457,0.03611422315120739,0.03291302099101627,0.03480083231093552,0.023038411463072637,0.022520164675765685,0.1373376996584447,0.3383599068039974,1.0,1.040796276219349
2024-01-02,0.045673217028256746,0.09600725287167128,0.018476270946381403,0.0004566611260917797,0.22211780822305585,0.037707048376283775,0.033153233430394065,0.03570280039779737,0.022477000241785065,0.026704931065482666,0.1364266227623549,0.325097153530445,0.9999999999999999,1.0430634475173217
2024-01-03,0.04583608137472153,0.09587311992161815,0.01843085548841923,0.000461319921536863,0.2224718502612971,0.037776839891459406,0.03316072704573311,0.0357402170402709,0.022450658910929573,0.026921430801286762,0.13637355041748256,0.3245033489252448,1.0,1.0431707917849158
2024-01-04,0.046698567970459494,0.0951628444976187,0.018190478609244005,0.000486026440073054,0.22434550669961664,0.038146235180110566,0.03320024493269809,0.0359381568195923,0.022311151007894804,0.028069093709301184,0.1360920145053198,0.3213596796280713,1.0,1.0437393760891989
2024-01-05,0.047857305284227866,0.0942091290918471,0.0178687497973269,0.0005195409050765935,0.2268511187235796,0.03864064342105685,0.033251799433704765,0.036202155201085225,0.02212362098469039,0.029621481405560528,0.1357093504418808,0.3171451053099634,1.0,1.0445043470684003
2024-01-06,0.04896579639699897,0.09329859579167275,0.01756517991287363,0.0005527226808970198,0.22920772780291027,0.03910712113828137,0.033295780349537785,0.036448000272472025,0.021943862581527345,0.031143179239747677,0.13532791334606636,0.3131441204870149,1.0,1.0452399421001641
2024-01-07,0.050047686183453045,0.09241256313954783,0.017275084731914893,0.000586789506773701,0.2314479380221473,0.03955277402025088,0.033330799506834194,0.03667800683955362,0.02176787611168992,0.03268315452360398,0.13493286917067163,0.3092844582435591,1.0,1.0459636319135286
2024-01-08,0.05115236775137611,0.09151019229196788,0.01698457300291353,0.0006232200907043965,0.23367881775466068,0.03999871055624438,0.03335911963962107,0.03690348977383829,0.02158764749104203,0.034308746223296584,0.1345080902240893,0.3053850252002457,0.9999999999999999,1.0467083499989345
2024-01-09,0.05227900998909566,0.09059176770057528,0.016693340129768832,0.0006619958943659245,0.23590153348138146,0.04044503977741798,0.03338114118368701,0.03712477904783535,0.02140330260369323,0.03601829182856114,0.13405510259893766,0.3014446957646806,1.0000000000000002,1.0474738024184966
2024-01-10,0.05342030091621684,0.08966307134594961,0.016403298199614107,0.0007030322196246196,0.23809912750002615,0.040888443751621234,0.03339643309157791,0.03734004587165468,0.021215975511564334,0.03780533156517129,0.13357600271910872,0.2974889373078705,1.0,1.0482558413139142
2024-01-11,0.054561803054978916,0.0887358106274031,0.01611848900265423,0.000746074239553338,0.2402379108705708,0.04132235238554712,0.03340406686645676,0.03754561568559313,0.021027940169810192,0.03965500975512682,0.13307471163998194,0.29357021570232356,0.9999999999999999,1.0490457256995938
2024-01-12,0.055725354522338254,0.08779175653020324,0.015832738467096104,0.0007918836676047887,0.2423640017876979,0.04175589356811042,0.03340490601911613,0.03774630491154672,0.020835607871861637,0.041599922921563746,0.1325436728289031,0.2896079569039579,1.0,1.0498585566378864
2024-01-13,0.05690036079551003,0.0868393215741964,0.015548811235341062,0.0008402788715988445,0.2444539096726188,0.04218444051415634,0.03339843970414635,0.037939628028196,0.020640638014828794,0.043628931142602786,0.13198622775613678,0.2856390126906678,1.0,1.0506880209340026
2024-01-14,0.05808534810905239,0.0858794240793422,0.015267017687147756,0.0008913729508982192,0.24650303808880947,0.042607124654586444,0.03338445202197718,0.03812503987169815,0.020443201587735743,0.04574401958063088,0.1314023765475168,0.2816675848206047,1.0,1.051533942171375
2024-01-15,0.05928154597967376,0.08491073538274242,0.014986910182818648,0.0009453627647703822,0.2485126722407145,0.04302423679720693,0.03336284968552265,0.03830261653412859,0.020243027950541753,0.04795087828173731,0.1307912226165763,0.2776879415835667,1.0,1.0523979532471552
2024-01-16,0.06048843512255192,0.08393332342656727,0.01470847736653936,0.001002391007002498,0.25048072915606784,0.04343538808738874,0.033333514135467875,0.03847210392987095,0.020040128148009154,0.0502526227549044,0.13015258681279065,0.2737003000528394,1.0,1.0532805285694826
2024-01-17,0.06170502362344296,0.08294761936658543,0.014431832441538624,0.001062595713239326,0.2524040939889153,0.04383998637332967,0.033296302495969286,0.038633138334003274,0.019834584256736686,0.052651904236405554,0.1294864249272786,0.26970649424255544,1.0,1.054181870451674
2024-01-18,0.06293058906176491,0.0819538098105414,0.014157012273435575,0.0011261322359766817,0.25428019227846244,0.04423754776086288,0.03325107577887622,0.03878540978327353,0.01962642913575864,0.055151919162537845,0.1287925684428332,0.26570731427567673,1.0,1.0551023985494763
2024-01-19,0.06416443988532812,0.08095202801413133,0.013884031681780061,0.00119316296691111,0.2561065964638319,0.04462761458470707,0.03319770412452177,0.038928627891908436,0.01941568610712597,0.057755973714955514,0.12807084856576142,0.26170328599903714,0.9999999999999998,1.0560425796622186
2024-01-20,0.06540583788061173,0.07994241684824897,0.013612904678064888,0.00126385553090551,0.25788085812222045,0.045009722323089654,0.03313606323192869,0.039062504131149305,0.019202381325917256,0.06046738540368364,0.1273211211008208,0.25769494942335913,1.0,1.0570028778989773
2024-01-21,0.06665386898822423,0.07892523480928555,0.013343680261939507,0.0013383792386732285,0.25960023058144494,0.045383344829259466,0.03306602869766906,0.03918672263871446,0.018986564622870582,0.0632893088930567,0.12654330906890207,0.25368332736996013,0.9999999999999999,1.0579836693936557
2024-01-22,0.06790766729910723,0.0779006732167424,0.013076383749158402,0.0014169124527113625,0.2612621246538556,0.04574798536114712,0.03298748194394695,0.039300986364437726,0.018768272982420005,0.06622505881972297,0.12573731684238243,0.24966913631436782,1.0,1.0589853920826626
2024-01-23,0.06916630671223657,0.07686894413980085,0.012811043877560853,0.0014996386210396413,0.2628639079611647,0.046103135819490555,0.03290030959714577,0.03940499784084156,0.01854754836522942,0.06927793086124738,0.12490307775686091,0.24565315844738178,1.0,1.0600084702253545
2024-01-24,0.07042879553885119,0.07583028486483498,0.012547694392774896,0.0015867462079167862,0.26440289581116516,0.04644827490377324,0.03280440338701941,0.039498458272517106,0.018324438582962746,0.07245119019345528,0.12404055608142217,0.2416362617633071,1.0,1.0610533101348087
2024-01-25,0.07169409788087801,0.07478494071866969,0.01228636871921982,0.0016784294474605846,0.2658763961087116,0.04678287707643196,0.032699660718266715,0.039581072074895994,0.018098993843098765,0.07574809779915578,0.12314973871099515,0.23761932690221588,1.0,1.0621203135757313
2024-01-26,0.07296113161106699,0.07373316694432742,0.012027100296324762,0.0017748881112135157,0.2672817127904016,0.04710641301629421,0.0325859853966633,0.0396525475876448,0.017871267196663793,0.07917189567370106,0.12223063807636143,0.23360325329933707,1.0,1.0632098744961913
2024-01-27,0.07422876407784962,0.07267523257024099,0.011769923653751251,0.0018763272252542184,0.268616143324053,0.04741834893647871,0.03246328813438512,0.03971259710583797,0.01764131536319404,0.08272578950909977,0.12128329551083193,0.2295889745890234,1.0,1.0643223742617325
2024-01-28,0.07549581300340256,0.07161142022792275,0.011514874296787271,0.001982956964839206,0.26987698534957444,0.04771814778227821,0.03233148702154475,0.039760937749470836,0.017409198723387153,0.08641293944908518,0.12030778220007915,0.22557745723162848,1.0,1.0654581803275858
2024-01-29,0.07676104755753631,0.07054202597009528,0.011261988551034616,0.0020949924936312717,0.27106154425421825,0.04800527059488065,0.03219050808538635,0.03979729246416625,0.01717498132119704,0.09023644947077883,0.11930420036889802,0.22156969886817723,1.0,1.0666176447075184
2024-01-30,0.07802318941501438,0.06946735925053299,0.01101130344690303,0.00221265375798023,0.2721671408490722,0.0482791778905398,0.03204028587791317,0.03982139104243988,0.016938730901110515,0.0941993556520127,0.11827268462453684,0.21756672729194426,1.0,1.0678011021860172
2024-01-31,0.07928091289043093,0.0683877438152952,0.010762856895158183,0.0023361652090464905,0.273191117159406,0.04853933066357987,0.031880764050389226,0.039832970955563256,0.016700519128128314,0.09830461213355957,0.1172134037567321,0.2135696033427109,1.0,1.0690088676778853
2024-02-01,0.08053284632590081,0.06730351775060808,0.010516687616066436,0.0024657555302308163,0.2741308443932525,0.04878519183818696,0.0317118959288865,0.03983177838621008,0.016460421634415363,0.10255507823715873,0.11612656204313034,0.20957942031595334,1.0,1.0702412342232246
2024-02-02,0.08177757357860746,0.06621503362484896,0.010272835096749575,0.002601657318781736,0.2749837310722252,0.04901622775374481,0.03153364510346289,0.039817569278702336,0.016218518085448594,0.10695350469545908,0.11501240062860711,0.20559730376336227,1.0,1.0714984707953135
2024-02-03,0.08301363560703491,0.06512265873036928,0.010031339583821118,0.0027441067228923736,0.27574723122138156,0.04923190966650164,0.03134598601990468,0.039790110391008465,0.01597489226557235,0.11150251909572938,0.1138711989504348,0.2016244117453494,1.0,1.0727808199330287
2024-02-04,0.08423953241244797,0.06402677522259562,0.009792242053927638,0.0028933430441885253,0.276418853012457,0.0494317153507496,0.031148904566374685,0.039749180381340496,0.015729632140785866,0.11620461103006803,0.11270327607302533,0.1976619347120393,1.0,1.074088495383042
2024-02-05,0.08545372530259286,0.06292778018638871,0.009555584170252474,0.003049608302033724,0.27699616778902114,0.049615130785054036,0.030942398655179674,0.039694570922633586,0.015482829905011803,0.12106211689785758,0.11150899195101231,0.19371109513296203,0.9999999999999999,1.0754216797273215
2024-02-06,0.08665463943883642,0.061826085662680635,0.009321408235694887,0.00321314675740566,0.2774768193636762,0.049781651902352286,0.030726478796329504,0.03962608783270212,0.01523458201631215,0.12607720434261252,0.11028874863120469,0.18977314702019288,0.9999999999999999,1.0767805219751418
2024-02-07,0.0878406666894995,0.06072211861753302,0.009089757139174622,0.0033842043973422195,0.2778585335740568,0.049930786403095846,0.03050116865753024,0.03954355221590154,0.014984989218904274,0.13125185643392945,0.10904299136937133,0.1858493752836612,1.0,1.0781651351460149
2024-02-08,0.08901016879981294,0.05961632084432528,0.008860674293432392,0.003563028380414503,0.2781391280706278,0.050062055627431684,0.030266505606270925,0.039446801611419564,0.01473415654871734,0.13658785568281387,0.10777220964583815,0.18194109488889554,0.9999999999999999,1.079575593861958
2024-02-09,0.0901614808833272,0.05850914879256542,0.008634203563441316,0.003749866443891039,0.27831652229910164,0.05017499648033009,0.03002254122957369,0.03933569114236162,0.014482193320807699,0.14208676798049835,0.10647693806547336,0.1780496497986287,1.0000000000000002,1.0810119319663065
2024-02-10,0.09129291522792125,0.05740107332445935,0.008410389186900978,0.003944966273335202,0.27838874761728855,0.05026916339893356,0.029769341826642978,0.03921009465749854,0.01422921309849054,0.1477499265450961,0.10515775713125446,0.17417641171217846,1.0,1.0824741401812152
2024-02-11,0.09240276541698443,0.05629257939253479,0.008189275686047121,0.004148574836237984,0.2783539574976379,0.05034413035382302,0.029506988869238724,0.039069905858452804,0.013975333642413037,0.1535784159868899,0.10381529387520676,0.17032277858453349,1.0,1.0839621638243033
2024-02-12,0.09348931076133543,0.055184165633692155,0.007970907770513997,0.004360937681571637,0.2782104377591961,0.050399492874295924,0.02923557942462863,0.03891503940446175,0.013720676838239288,0.1595730566050142,0.10245022233200328,0.16649017291504764,1.0,1.0854759006040802
2024-02-13,0.09455082103263061,0.054076343876877764,0.007755330231462842,0.004582298207517352,0.27795661676503997,0.05043487008614755,0.028955226535921905,0.038745431986164154,0.0134653686019996,0.16573438903177737,0.10106326384162806,0.16268003980283274,0.9999999999999999,1.087015198513348
2024-02-14,0.09558556148667666,0.05296963856134249,0.007542587827086622,0.004812896900128561,0.27759107551795653,0.05044990674974697,0.028666059554491013,0.038561043359555826,0.013209538762113154,0.1720626593487988,0.09965518716730924,0.15889384476479407,1.0,1.0885798538411255
2024-02-15,0.09659179816192244,0.051864586062845976,0.007332725159633744,0.005052970546156168,0.27711255758355136,0.05044427528539571,0.02836822441921591,0.0383618573309968,0.012953320917191053,0.17855780480432917,0.09822680841542712,0.15513307131333465,1.0,1.0901696093242181
2024-02-16,0.09756780343467217,0.050761733926024254,0.007125786544240283,0.005302751423706487,0.2765199787660553,0.050417677772061624,0.02806188387738662,0.03814788268390174,0.01269685226892521,0.18521944026435927,0.09677899074505443,0.15139921829361258,1.0,1.0917841524596308
2024-02-17,0.09851186180901178,0.04966164000187446,0.006921815869962402,0.005562466474858462,0.2758124364590394,0.050369847904843654,0.027747217642247485,0.037919154037596416,0.01244027342954599,0.19204684553275203,0.09531264385577509,0.14769379698249285,1.0,1.0934231139990178
2024-02-18,0.0994222759159067,0.048564871490088445,0.006720856453497125,0.005832336464808934,0.27498921859094233,0.050300552895915084,0.027424422482386326,0.03767573262878517,0.012183728203522946,0.1990389536769119,0.09382872324361782,0.14401832795361713,1.0,1.0950860666461713
2024-02-19,0.10029737269243214,0.04747200388680834,0.006522950886175883,0.006112575132535528,0.274049812083786,0.050209595303221055,0.027093712238467488,0.03741770700614674,0.011927363343393801,0.2061943404952449,0.09232822921635149,0.14037433771543661,0.9999999999999999,1.0967725239780775
2024-02-20,0.10113550970862623,0.04638361983932453,0.006328140874926105,0.006403388338356231,0.27299391074267504,0.05009681477086262,0.02675531776317986,0.03714519362875722,0.011671328279844928,0.21351121526066913,0.09081220566103812,0.13676335513173998,1.0,1.0984819396092709
2024-02-21,0.10193508160616069,0.04530030791020561,0.006136467077999152,0.006704973214119634,0.2718214224938509,0.04996208966493103,0.026409486780715606,0.03685833735934494,0.011415774826414368,0.2209874128707888,0.08928173855857043,0.13318690763689878,0.9999999999999999,1.100213706618165
2024-02-22,0.10269452660994285,0.04422266125435015,0.0059479689363616545,0.0070175173220700824,0.2705324758902522,0.04980533858857175,0.02605648366261475,0.03655731184381714,0.011160856859447489,0.22862038752990163,0.08773795424193477,0.12964651726073562,1.0,1.1019671572526906
2024-02-23,0.10341233307093686,0.043151276213482616,0.005762684501743689,0.007341197828689121,0.26912742580574134,0.04962652176026455,0.02569658911740249,0.0362423197690637,0.010906729974206258,0.23640720808069488,0.08618201739713542,0.12614369648063917,1.0,1.1037415629309235
2024-02-24,0.10408704599599604,0.042086750833657316,0.005580650262427243,0.007676180700011624,0.26760685824245045,0.04942564223971888,0.025330099792105952,0.03591359299173864,0.010653551118309047,0.24434455509430156,0.08461512880805937,0.12267994392122383,1.0,1.1055361345504424
2024-02-25,0.10471727351839039,0.04102968331236935,0.005401900967939962,0.008022619925045082,0.2659715941801008,0.049202746986408565,0.02495732778445892,0.035571392531545766,0.010401478203956765,0.252428719816355,0.0830385228490277,0.11925673992440167,1.0,1.1073500231179478
2024-02-26,0.10530169326105177,0.03998067038288432,0.005226469453891003,0.008380656773977093,0.2642226924016586,0.04895792773661158,0.024578600065380964,0.035216008423505724,0.01015066970067731,0.26065560505383917,0.08145346473134402,0.11587554201517847,1.0,1.109182320708175
2024-02-27,0.1058390585433904,0.03894030564437444,0.005054386468246168,0.008750419097833785,0.26236145123629295,0.04869132168587955,0.02419425781214221,0.03484775942474978,0.009901284210590972,0.26902072807296584,0.07986124751277528,0.11253778029075867,1.0,1.1110320617584257
2024-02-28,0.10632820438191415,0.03790917784736843,0.0048856805003868,0.009132020676146886,0.2603894091682623,0.04840311196513294,0.023804655653487116,0.0344669925725644,0.009653480028459232,0.2775192255621615,0.07826318888155219,0.10924485276256424,1.0000000000000002,1.1128982247020849
2024-02-29,0.10676805323483889,0.03688786914486843,0.004720377614329599,0.009525560618996136,0.2583083442690018,0.048093527900055034,0.023410160828878153,0.03407408259168349,0.009407414689023624,0.2861458606966497,0.07666062772911317,0.10599812068256187,0.9999999999999999,1.114779733941381
2024-03-01,0.10715762044144994,0.035876953320244785,0.004558501287501375,0.009931122829515693,0.2561202724192582,0.04776284504512767,0.023011152264922462,0.03366943115018245,0.009163244504365883,0.29489503232230396,0.07505492052839706,0.10279890388673052,1.0,1.1166754621563753
2024-03-02,0.10749601930817466,0.034876994003668546,0.004400072256462782,0.01034877553258764,0.2538274442984772,0.047411384985496956,0.022608019572944976,0.033253465964746806,0.008921124094220608,0.3037607862566181,0.07344743753697164,0.09964847618963013,1.0,1.1185842329438023
2024-03-03,0.10778246579517348,0.033888542889372875,0.004245108370957575,0.01077857087499557,0.25143234112971513,0.04703951490185957,0.02220116197256046,0.03282663975755638,0.008681205912343198,0.3127368286840925,0.07183955884662767,0.09654806086474554,1.0,1.1205048237759836
2024-03-04,0.10801628275973726,0.03291213796642772,0.004093624457628234,0.011220544601778647,0.2489376691799283,0.04664764689569134,0.021790987146955477,0.032389429068514566,0.008443639772174757,0.32181654160232764,0.07023267030322358,0.09349882624561245,1.0,1.1224359692666057
2024-03-05,0.1081969037158897,0.031948301775963465,0.003945632194685157,0.01167471581291794,0.24634635302747082,0.046236237074374874,0.021377910036408595,0.031942332928046546,0.008208572375148842,0.33099300025399014,0.06862815932249924,0.09050188148260474,1.0000000000000002,1.124376364726817
2024-03-06,0.1083238760732949,0.030997539707872567,0.0038011399987447738,0.012141086803808534,0.24366152762079993,0.04580578439808758,0.020962351577336627,0.03148587139716148,0.007976146845049136,0.3402589924588663,0.0670274106292466,0.08755827248973169,1.0,1.1263246699918297
2024-03-07,0.10839686382283559,0.030060338349953107,0.003660152924962868,0.01261964299223125,0.24088652916458514,0.045356829292654235,0.0205447373948441,0.031020583982900758,0.00774650227185074,0.34960703973980956,0.06543180194859716,0.08466897811477558,1.0,1.12827951349515
2024-03-08,0.10841564964099369,0.0291371639022272,0.0035226725814838837,0.013110352933747689,0.23802488488143828,0.04488995203491176,0.020125496457358748,0.030547027938654114,0.007519773268458366,0.3590294201168293,0.06384269967923285,0.08183490656466408,1.0,1.1302394965646678
2024-03-09,0.1083801363903753,0.028228460668771847,0.003388697059106097,0.013613168426611049,0.23508030170914238,0.04440577091944232,0.019705059702446782,0.03006577646009219,0.00729608954369264,0.3685181924252021,0.06226145457901997,0.07905689211609723,1.0,1.1322031979122524
2024-03-10,0.10829034799930494,0.02733464963884283,0.0032582208769283273,0.01412802470642759,0.23205665400436712,0.04390494021776746,0.019283858643307984,0.02957741678862043,0.007075575494770154,0.37806522199662423,0.06068939749389273,0.07633569213914626,1.0,1.1341691782861967
2024-03-11,0.10814642970928134,0.026456127168358365,0.003131234944597622,0.01465484072992989,0.22895797033422413,0.0433881479432236,0.018862323965743447,0.02908254823528017,0.00685834982237516,0.38766220752734004,0.059127835160756224,0.07367198445889,1.0,1.136135985253927
2024-03-12,0.10794864768515909,0.025593263771949235,0.0030077265416217666,0.015193519546349147,0.22578841944648584,0.042856113436724456,0.018440884125563134,0.028581780138895105,0.006644525171232674,0.39730070894416175,0.057578046114738934,0.07106636507711883,1.0,1.138102158080836
2024-03-13,0.10769738798909742,0.02474640303478644,0.0028876793140475833,0.01574394875401161,0.2225522955176852,0.04230958479042527,0.018019963956451474,0.028075729772967187,0.0064342077988666715,0.4069721760685428,0.05604127673030228,0.06851934627281597,0.9999999999999999,1.1400662326699742
2024-03-14,0.10739315492550644,0.02391586065228149,0.0027710732886382485,0.016306001038948394,0.2192540027855103,0.04174933612790798,0.017599983298235235,0.027565020216353472,0.006227497274966027,0.41666797787056487,0.05451873742451949,0.0660313550965681,1.0,1.1420267465266334
2024-03-15,0.10703656877032663,0.02310192360453547,0.002657884904513273,0.016879534791511257,0.2158980396777851,0.041176164760880624,0.017181355655301322,0.027050278203097834,0.00602448621348952,0.4263794320990086,0.05301159904928966,0.06360273227026081,1.0,1.1439822437116107
2024-03-16,0.10662836290389972,0.02230484947110949,0.0025480870620454977,0.017464394796241546,0.21248898255479579,0.040590888243506464,0.016764486894593297,0.026532131966940525,0.005825260039323404,0.43609783507064376,0.051520989497372056,0.06123373149952838,0.9999999999999999,1.1459312797471604
2024-03-17,0.10616938037234305,0.02152486589032186,0.00244164918864352,0.01806041298955729,0.2090314691847179,0.039994341346332674,0.01634977399218276,0.026011209095985716,0.0056298967909662375,0.44581449140157803,0.05004799054494955,0.05892451920242148,1.0,1.1478724264402755
2024-03-18,0.10566056990763388,0.0207621701658682,0.0023385373208877273,0.018667409279214182,0.20553018207338727,0.03938737297236296,0.01593760383687052,0.02548813441277235,0.00543846696036115,0.45552074346588955,0.04859363495098806,0.05667517465376415,1.0,1.1498042765890455
2024-03-19,0.10510298144147134,0.02001692902213201,0.002238714202336021,0.019285192418968592,0.20198983176963334,0.03877084303810907,0.015528352098633276,0.024963527894573772,0.005251033370631061,0.46520800037180277,0.04715890383099429,0.054485690540714504,1.0,1.1517254485393376
2024-03-20,0.10449776115233905,0.019289278508126163,0.002142139396173722,0.019913560931431713,0.19841514026587517,0.03814561934246003,0.015122382169005947,0.02443800264815569,0.00506765109210355,0.47486776625320215,0.04574472431993116,0.05235597392119562,0.9999999999999999,1.1536345905609173
2024-03-21,0.10384614608898794,0.01857932404860452,0.0020487694117528664,0.020552304071758967,0.19481082461072527,0.03751257444593284,0.01472004417968915,0.023912162952461798,0.00488836739664448,0.48449166768418506,0.044351967536075176,0.050285847573181996,1.0,1.1555303850143788
2024-03-22,0.10314945841674501,0.017887140639525668,0.0019585578439511087,0.021201202824570553,0.1911815808460188,0.036872582582322316,0.014321674104811135,0.023386602381787823,0.004713221749959142,0.49407148003640705,0.042981446854541173,0.04827505171936031,1.0000000000000002,1.1574115522827713
2024-03-23,0.10240909933560023,0.017212773183758967,0.0018714555241808263,0.02186003092634947,0.1875320683751006,0.03622651662396649,0.013927592951366538,0.022861902020964164,0.004542245841171482,0.5035991526129414,0.04163391649610534,0.046323246108494476,1.0,1.1592768544446224
2024-03-24,0.10162654272090792,0.01655623696171461,0.001787410681796319,0.022528555905512258,0.183866894862464,0.035575245120808244,0.013538106041417811,0.022338628782915947,0.0043754636486612606,0.5130668324080082,0.04031007043387723,0.044430012431916244,1.0,1.161125098668055
2024-03-25,0.10080332853875208,0.01591751823046801,0.0017063691145814193,0.02320654013239127,0.18019060175709278,0.03491962943218245,0.013153502388691146,0.021817333837725276,0.004212891540829774,0.5224668863589056,0.039010541617347315,0.04259485705103294,1.0,1.1629551403088623
2024-03-26,0.09994105608857554,0.015296574943950623,0.0016282743669523007,0.023893741871504226,0.17650765052325548,0.034260520968823094,0.012774054171245738,0.021298551161008827,0.004054538410181477,0.531791921974541,0.037735901510417606,0.04081721400954419,1.0,1.1647658856986798
2024-03-27,0.09904137712557042,0.014693337585902529,0.0015530679144804404,0.024589916328708803,0.17282240965320053,0.03359875856098844,0.012400016300953798,0.020782796208063857,0.0039004058388541997,0.5410348062437554,0.036486659937243246,0.03909644830227832,1.0,1.1665562946127115
2024-03-28,0.09810598891461063,0.014107710106536803,0.0014806893533285807,0.02529481668614244,0.16913914252637333,0.03293516596688011,0.012031626089615527,0.020270564718851466,0.0037504882935077387,0.5501886827458917,0.03526326522711183,0.03743185937114979,1.0,1.1683253824097894
2024-03-29,0.09713662726619991,0.013539570953255699,0.001411076593197352,0.026008195118221392,0.1654619961695803,0.03227054953371095,0.01166910301065793,0.019762331657497703,0.0036047733472910947,0.5592469869054403,0.0340661046471943,0.03582268479775308,1.0,1.1700722218408264
2024-03-30,0.09613505960307167,0.012988774185287873,0.001344166052401293,0.026729803782409564,0.16179499096213645,0.03160569602189003,0.011312648554542004,0.019258550288621983,0.0034632419264537325,0.5682034593518355,0.032895505109840496,0.03426810416150938,1.0,1.1717959445248938
2024-03-31,0.09510307810375215,0.012455150661783416,0.0012798928537291153,0.02745939577895796,0.15814201131961025,0.03094137060087187,0.010962446175237513,0.018759651391467614,0.003325868579046714,0.5770521573642904,0.031751734139186666,0.03276724303206635,1.0,1.1734957420952106
2024-04-01,0.09404249296665064,0.011938509292707485,0.0012181910197929474,0.02819672607434918,0.15450679737946837,0.030278315023289,0.01061866132442704,0.018266042611527415,0.003192621763075069,0.5857874643996908,0.030635001080202284,0.03131917706481979,1.0,1.1751708670201886
2024-04-02,0.09295512583513214,0.011438638341808992,0.00115899366663355,0.028941552383748338,0.1508929377018786,0.02961724598208269,0.010281441569477209,0.017778107948145435,0.003063464151412768,0.5944040977188148,0.029545458531942008,0.029922936168923497,1.0,1.1768206331073594
2024-04-03,0.09184280342062165,0.010955306771001271,0.0011022331944213924,0.029693636008352266,0.14730386298926496,0.028958853653489353,0.00995091679066969,0.017296207375445228,0.002938352950774699,0.6028971141422815,0.028483203985684657,0.02857750871799336,1.0,1.178444415700434
2024-04-04,0.090707351357155,0.010488265615668981,0.0010478414741755101,0.03045274262413306,0.14374284081905095,0.02830380042695584,0.009627199452720623,0.01682067659289852,0.0028172402320546432,0.6112619139825339,0.027448281647837466,0.027281845774815405,0.9999999999999999,1.1800416515819308
2024-04-05,0.08955058831699222,0.01003724938069943,0.0009957500295113887,0.031218643019080373,0.1402129713754622,0.027652719821363466,0.009310384945235978,0.01635182690091322,0.00270007326938188,0.6194942432116595,0.026440684426950845,0.026034865302749677,1.0000000000000002,1.1816118385957342
2024-04-06,0.08837432041300845,0.009601977447416175,0.0009458902125240576,0.031991113776650745,0.1367171841583751,0.027006215585357714,0.009000551986451673,0.015889945195992537,0.002586794885319446,0.6275901939368772,0.025460356063917482,0.024835456338109463,1.0,1.183154535005574
2024-04-07,0.0871803359096401,0.00918215548205685,0.0008981933730114734,0.03276993790372357,0.13325823564005138,0.026364860978121355,0.008697763084389923,0.015435294079303115,0.002477343799721375,0.6355462032660001,0.024507193384405976,0.02368248309957488,1.0,1.1846693586067945
2024-04-08,0.08597040026023979,0.008777476836972614,0.0008525910203444516,0.033554905401935245,0.12983870783423845,0.025729198225604814,0.008402065049423913,0.014988112071888866,0.0023716549798814173,0.6433590506540688,0.023581048652785118,0.02257478901261656,1.0,1.186155985609848
2024-04-09,0.08474625148484315,0.008387623936321822,0.0008090149773913607,0.03434581378180847,0.1264610077365694,0.025099738146047098,0.008113489552178282,0.014548613929281288,0.00226965998973878,0.6510258538296718,0.022681732007211935,0.021511200628936633,1.0,1.1876141493147792
2024-04-10,0.0835095958986111,0.008012269638672279,0.0007673975260071001,0.035142468519607985,0.12312736759047582,0.02447695993758825,0.007832053720697792,0.014116991047881515,0.002171287336054177,0.6585440634052053,0.02180901395616196,0.020490531423036806,1.0,1.189043638596499
2024-04-11,0.0822621041976319,0.00765107856960307,0.0007276715436952191,0.035944683457332,0.11983984592893258,0.023861311119892283,0.007557760770885566,0.013693411955222858,0.002076462809628775,0.6659114562795408,0.020962627917452254,0.019511585450182722,1.0,1.190444296220951
2024-04-12,0.08100540790537954,0.007303708418096755,0.0006897706311483184,0.036752281146688784,0.1166003293392737,0.02325320762096879,0.007290600664339936,0.013278022876058816,0.0019851098198066137,0.6731261279443638,0.020142272781722786,0.018573160852152215,1.0,1.1918160170123424
2024-04-13,0.07974109617995259,0.0069698111912241826,0.0006536292304639956,0.03756509313830343,0.11341053489601466,0.02265303399979582,0.007030550787897495,0.012870948366153722,0.0018971497206746045,0.6801864838068097,0.019347615483374905,0.017674053199334905,1.0,1.1931587458914517
2024-04-14,0.07847071297929575,0.00664903442233803,0.0006191827339208452,0.038382960217755564,0.11027201320507142,0.022061143794906243,0.0067775766494143855,0.012472292005675853,0.0018125021275508394,0.6870912296411849,0.01857829356309608,0.016813058659790103,1.0,1.1944724758046856
2024-04-15,0.07719575457893431,0.006341022328697078,0.0005863675832805757,0.03920573259035685,0.10718615200191531,0.021477859988792907,0.006531632584579944,0.012082137144195645,0.001731085222528965,0.6938393612814833,0.01783391770730205,0.015988976987933112,1.0,1.1957572455630334
2024-04-16,0.07591766743435872,0.006045416915133945,0.0005551213596577462,0.040033270016843335,0.10415418024601036,0.02090347557781021,0.00629266246985092,0.011700547689468224,0.0016528160480215675,0.70043015366435,0.01711407425108189,0.015200614327413042,1.0,1.1970131376093947
2024-04-17,0.0746378463780727,0.005761859021046359,0.000525382864067471,0.04086544190237955,0.10117717265428003,0.020338254237190108,0.006060600436913283,0.011327568932419645,0.0015776107874169289,0.7068631493290973,0.016418327632516518,0.014446785824600128,1.0,1.1982402757319521
2024-04-18,0.07335763313947484,0.005489989308630704,0.0004970921888235006,0.04170212734144984,0.09825605461728701,0.01978243107083891,0.005835371584416571,0.010963228401051612,0.0015053850321292044,0.7131381464775658,0.015746222787538372,0.013726318050793718,1.0,1.199438822740353
2024-04-19,0.07207831517417407,0.005229449190880838,0.00047019078001420524,0.042543215121352125,0.09539160744322178,0.01923621343572806,0.005616892683076302,0.010607536736321633,0.001436054034480761,0.7192551866921082,0.015097287475792557,0.013038051232849512,1.0,1.2006089781204565
2024-04-20,0.07080112478803453,0.004979881698441332,0.0004446214913321697,0.043388603687109124,0.09258447387661888,0.01869978183092441,0.005405072870598014,0.010260488583434976,0.0013695329460056388,0.7252145424048917,0.014471034529232367,0.01238084129337691,1.0,1.201750975682348
2024-04-21,0.06952723854019931,0.004740932284929013,0.0004203286295744437,0.044238201070676574,0.08983516384089318,0.01817329084161408,0.005199814333237006,0.009922063492394316,0.001305737040904029,0.7310167042062011,0.01386696401642096,0.01175356170295594,1.0,1.2028650812152004
2024-04-22,0.06825777690853899,0.004512249570818087,0.00039725799216516126,0.045091924787359246,0.08714406035625268,0.017656870128846033,0.0050010129711660885,0.009592226822084075,0.001244581924508465,0.7366623680735491,0.01328456531670562,0.011155105148006439,1.0,1.20395159016143
2024-04-23,0.0669938042003968,0.004293486026420674,0.0003753568970805072,0.045949701702346614,0.08451142558723844,0.017150625456147862,0.00480855904517588,0.009270930642611964,0.001185983726742601,0.742152422597309,0.0127233190995709,0.010584385018958753,1.0,1.2050108253214236
2024-04-24,0.06573632869114088,0.004084298594885899,0.0003545742055781972,0.04681146787025419,0.08193740697701651,0.016654639744634728,0.004622337802574739,0.008958114631084178,0.0011298592806626984,0.7474879362723427,0.012182699205555121,0.010040336724270182,1.0,1.2060431345989842
2024-04-25,0.06448630297286602,0.0038843492564868405,0.00033486033815009194,0.04767716835050544,0.07942204342854241,0.016168974148734902,0.0044422300804854535,0.00865370695644571,0.0010761262862701009,0.7526701449187913,0.011662174426124508,0.009521918836597254,1.0,1.207048888796472
2024-04-26,0.06324462449559853,0.0036933055357666156,0.0003161672841277432,0.048546757001319364,0.07696527149579814,0.015693669145181777,0.004268112885050909,0.00835762514946977,0.001024703459870144,0.7577004392889368,0.011161210180837225,0.009028114078042937,0.9999999999999999,1.2080284794675373
2024-04-27,0.062012136283522805,0.003510840953373622,0.00029844860537693455,0.04942019625497811,0.07456693155141232,0.015228745628463852,0.004099859945359013,0.008069776954423537,0.0009755106693292257,0.76258035291084,0.010679270090991611,0.00855793015192896,1.0,1.2089823168342388
2024-04-28,0.06078962780905645,0.0033366354246335754,0.0002816594345191589,0.05029745687694593,0.07222677390008543,0.014774206006474413,0.003937342241176895,0.007790061159369499,0.0009284690556475711,0.7673115502134389,0.010215817449738814,0.008110400428913422,1.0,1.2099108277743216
2024-04-29,0.059577836008026686,0.0031703756070842943,0.00026575646811585085,0.051178517711293156,0.06994446481031585,0.01433003529065359,0.003780428503844574,0.007518368402477265,0.000883501141320874,0.7718958149719451,0.009770316589348436,0.007684584495574187,0.9999999999999999,1.2108144538834438
2024-04-30,0.05837744641973112,0.0030117551993406057,0.00025069795524557234,0.052063365414753024,0.06771959243992977,0.013896202175461402,0.0036289856899182436,0.007254581952118236,0.0008405309260100646,0.7763350391067831,0.009342234146947936,0.007279568573760886,1.0,1.2116936496162092
2024-05-01,0.05718909443628218,0.0028604751937638716,0.0002364436818956488,0.05295199418160557,0.06555167263383681,0.013472660102556277,0.0034828794273727877,0.006998578458892367,0.0007994839700754609,0.7806312118639922,0.00893104023061424,0.006894465819112572,1.0,1.2125488805090021
2024-05-02,0.05601336664632063,0.0027162440854860987,0.00022295495157841706,0.05384440546144329,0.06344015457523826,0.013059348305574245,0.003341974434371986,0.006750228678090581,0.000760287466560156,0.7847864093999886,0.008536209488180804,0.006528416507166956,1.0,1.2133806214868086
2024-05-03,0.054850802258924906,0.002578778040385164,0.000210194562568679,0.054740607671732215,0.06138442627419343,0.012656192831906636,0.003206134910793387,0.006509398161427302,0.0007228703022282699,0.7888027847888819,0.00815722208153973,0.0061805881154184394,1.0,1.2141893552554732
2024-05-04,0.053701894594324735,0.002447801024628119,0.00019812678214354936,0.055640615906938355,0.059383819879985325,0.01226310753835428,0.003075224902853406,0.006275947917184065,0.0006871631082773923,0.7926825584661591,0.007793564569568358,0.0058501753095833164,1.0,1.2149755707801533
2024-05-05,0.052567092628839886,0.0023230448983966962,0.00018671731818901052,0.05654445164584704,0.057437616806113354,0.011879995057993337,0.002949108641317616,0.006049735038187072,0.000653098301351763,0.7964280091185286,0.007444730703098394,0.005536399842137274,1.0,1.2157397618501267
2024-05-06,0.051446802582291354,0.002204249476385542,0.00017593328851946572,0.05745214245856079,0.0555450526589664,0.011506747736017797,0.0028276508539020633,0.005830613297298666,0.0006206101154841777,0.8000414650259994,0.007110222135576204,0.005238510370998095,1.0,1.2164824257295512
2024-05-07,0.05034138953696884,0.0020911625576221656,0.0001657431882377422,0.05836372171452424,0.05370532196329684,0.011143248532727596,0.0027107170525748794,0.005618433710335529,0.0005896346255909352,0.8035252958589344,0.006789549053240514,0.004955782205946391,1.0,1.2172040618932833
2024-05-08,0.049251179078070736,0.001983539927100495,0.0001561168554435967,0.05927922829278963,0.05191758267951727,0.01078937189220626,0.002598173796554336,0.0054130450665353155,0.0005601097631359467,0.8068819049297735,0.006482230728772345,0.004687516990100615,1.0,1.2179051708464341
2024-05-09,0.04817645894635637,0.0018811453316496293,0.00014702543557908258,0.06019870629560697,0.050180960509581526,0.010444984575578969,0.00248988893187097,0.005214294426879222,0.0005319753245680605,0.8101137218964266,0.006187796002456267,0.004433042323446323,1.0,1.2185862530259601
2024-05-10,0.04711748069455704,0.0017837504323781619,0.0001384413446793658,0.06112220476629931,0.04849455298979061,0.010109946458060548,0.0023857318084186075,0.005022027590741714,0.0005051729731202487,0.813223195911935,0.005905783694936454,0.004191711335082893,1.0,1.2192478077822628
2024-05-11,0.04607446133987728,0.0016911347359443488,0.00013033823177792137,0.0620497774122652,0.04685743337028749,0.00978411128929314,0.0022855734754631484,0.0048360895314811594,0.00047964623454112656,0.8162127892129089,0.005635742955659576,0.003962902210500663,0.9999999999999999,1.219890332438499
2024-05-12,0.04504758500567444,0.0016030855068052316,0.00012269094069567062,0.06298148233383843,0.045268654282275445,0.009467327416736445,0.0021892868566099834,0.004656324801707694,0.0004553404873087964,0.8190849711374172,0.005377233551073643,0.00374601767985705,1.0,1.2205143214250755
2024-05-13,0.044037004546133324,0.0015193976624954567,0.00011547547142467767,0.06391738175963149,0.04372725119512294,0.009159438472109854,0.002096746905252178,0.0044825779090687514,0.00043220294785472263,0.8218422125614747,0.005129826096601639,0.0035404844728302853,1.0,1.2211202654866116
2024-05-14,0.04304284314844492,0.0014398736538803858,0.00010866894129862568,0.06485754178888867,0.04223224566650583,0.008860284021096404,0.002007830741532853,0.004314693663478971,0.00041018265130163956,0.8244869807419343,0.004893102236334311,0.003345752745303132,1.0,1.2217086509585224
2024-05-15,0.04206519590765608,0.0013643233322196565,0.00010224954612454423,0.06580203214128551,0.04078264838959711,0.008569700176705103,0.0019224177718580042,0.004152517496791883,0.00038923042819476953,0.8270217345525418,0.004666654774292083,0.0031612954827334727,1.0,1.222279959110246
2024-05-16,0.041104131369978314,0.0012925638047678266,9.619652143323092e-5,0.06675092591452565,0.03937746204205159,0.008287520176851361,0.0018403897919910214,0.003995895755966242,0.00036929887768022787,0.8294489200990254,0.004450087760994461,0.0029866078847347044,1.0,1.2228346655520799
2024-05-17,0.04015969304092504,0.0012244192805291934,9.049010398956794e-5,0.06770429935000852,0.038015683942154876,0.008013574926856717,0.0017616310747484989,0.0038446759708221545,0.00035034233755870583,0.8317709666984264,0.004243016538949821,0.0028212067350303904,1.0,1.2233732397025368
2024-05-18,0.039231900855190675,0.001159720907675305,8.51114936885167e-5,0.0686622316067702,0.036696308518024086,0.007747693507690268,0.001686028443299518,0.0036987070975120044,0.00033231685161662605,0.8339902832073729,0.004045067750541664,0.002664629760618209,1.0,1.2238961443131102
2024-05-19,0.03832075260569033,0.0010983066040268397,8.004281594801823e-5,0.06962480454383528,0.035418329596167863,0.007489703650876452,0.0016134713310481696,0.003557839738850182,0.0003151801346112024,0.8361092546836647,0.0038558793116421504,0.002516434983638849,1.0,1.2244038350473427
2024-05-20,0.037426225329645235,0.0010400208818971363,7.526708469634169e-5,0.07059210251105869,0.03418074251604446,0.0072394321810784375,0.00154385182905259,0.0034219263426547375,0.0002988915352603853,0.8381302393653349,0.0036751003541318134,0.0023762000691452956,1.0,1.2248967601111165
2024-05-21,0.03654827665002876,0.0009847146684932666,7.076816603862127e-5,0.07156421214848388,0.03298254607750758,0.006996705427435236,0.0014770647219037954,0.0032908213792544687,0.00028341199756373096,0.840055565951284,0.0035023911403483307,0.0022435216716584216,1.0,1.225375359931123
2024-05-22,0.03568684607108173,0.0009322451229725902,6.653074267539558e-5,0.0725412221941968,0.03182274432820702,0.006761349604784463,0.001413007512954898,0.003164381499307767,0.0002687040207559185,0.8418875311676219,0.0033374229523284293,0.0021180147831131313,1.0,1.2258400668785325
2024-05-23,0.03484185622696306,0.0008824754511586663,6.254027913490334e-5,0.07352322330061366,0.030700348198123423,0.006533191165943503,0.0013515804397564366,0.0030424656730656903,0.0002547316181710961,0.8436283976039936,0.0031798779585474855,0.001999312084528526,1.0,1.2262913050349362
2024-05-24,0.03401321408292697,0.0008352747188303716,5.87829878706743e-5,0.07451030785910281,0.029614376988470092,0.0063120571262504435,0.0012926864805170267,0.0029249353121920904,0.00024146027527353184,0.8452803918043844,0.0030294490607020797,0.0018870633034794304,1.0,1.22672948999774
2024-05-25,0.03320081208871063,0.0007905176644124229,5.5245796266563194e-5,0.07550256983281099,0.028563859722196733,0.00609777536158407,0.0012362313523709622,0.0028116543752292073,0.00022885690708828046,0.8468457025971975,0.002885839722923345,0.001780934579209248,1.0,1.2271550287222528
2024-05-26,0.032404529284077555,0.0007480845118142545,5.191631458277575e-5,0.07650010459753363,0.027547836363286487,0.005890174881090483,0.0011821235021960556,0.0027024894577685464,0.00021688981524478214,0.8483264796497524,0.002748763785653962,0.0016806078369991928,1.0,1.2275683193978275
2024-05-27,0.031624232356696466,0.0007078607840875189,4.878280486860072e-5,0.07750300879044854,0.026565358911955196,0.005689086075843841,0.0011302740906863932,0.002597309868354993,0.0002055286448265458,0.8497248322327644,0.002617945266270409,0.0015857801731971044,1.0,1.227969751355501
2024-05-28,0.030859776652741037,0.0006697371185002919,4.583415086044964e-5,0.0785113801665097,0.025615492382744322,0.005494340944661002,0.0010805969703460666,0.0024959876911174466,0.00019474434120134211,0.8510428281808112,0.0024931181483849253,0.0014961632521222068,1.0,1.228359705004695
2024-05-29,0.0301110071407777,0.0006336090835584549,4.305982887738816e-5,0.07952531746228281,0.024697315672353448,0.005305773298275848,0.0010330086580316064,0.0023983978360825535,0.00018450910698866317,0.8522824930352771,0.0023740261616194006,0.0014114827158749899,1.0,1.228738551796642
2024-05-30,0.02937775932966657,0.0005993769984415416,4.0449879720572056e-5,0.08054492026699067,0.02380992232388815,0.005123218943059444,0.0009874283026331115,0.0023044180780897724,0.00017479635930459612,0.8534458093567752,0.0022604225535064137,0.0013314776079239588,0.9999999999999999,1.229106654212313
2024-05-31,0.028659860141336615,0.0005669457552615532,3.799488157784653e-5,0.08157028890052528,0.022952421194008275,0.004946515845447669,0.0009437776484470323,0.002213929085186572,0.00016558068740868994,0.8545347161945788,0.002152069855041275,0.001255899811180461,1.0,1.2294643657727369
2024-06-01,0.027957128739412484,0.000536224644498708,3.568592393018534e-5,0.08260152429817645,0.022123937029255563,0.004775504278209769,0.0009019809947574971,0.0021268144373424347,0.00015683781086286126,0.8555511087011254,0.0020487396412835037,0.0011845135011451235,1.0,1.229812031069707
2024-06-02,0.027269377314768282,0.0005071271839176722,3.351458245259974e-5,0.08363872790182005,0.02132361095761971,0.004610026949659423,0.0008619651521080688,0.002042960636279878,0.00014854453829885386,0.856496837880213,0.0019502122882866738,0.0011170946145758753,1.0,1.2301499858149807
2024-06-03,0.02659641182916444,0.00047957095122137827,3.14728948985991e-5,0.08468200155730635,0.020550600901173114,0.004449929116875639,0.0008236593957119886,0.0019622571071802705,0.00014067872687821792,0.8573737104580614,0.0018562767275223859,0.001053430334006178,1.0,1.2304785569061958
2024-06-04,0.025938032718189688,0.0004534774206568709,2.9553337954196078e-5,0.08573144741778636,0.01980408191536815,0.004295058683964361,0.0007869954164164219,0.001884596192982012,0.00013321924251716066,0.8581834888669434,0.0017667301988569509,0.000993318588364378,0.9999999999999999,1.2307980625078134
2024-06-05,0.02529403555478169,0.00042877180374860217,2.7748805044786177e-5,0.0867871678527142,0.019083246460350586,0.004145266286353524,0.0007519072696050209,0.0018098731419490478,0.00012614592093792418,0.858927891331664,0.0016813780030384708,0.0009365675698120857,1.0,1.2311088121455243
2024-06-06,0.02466421167463933,0.000405382894298993,2.605258507595722e-5,0.08784926536226431,0.018387304609399524,0.004000405362075116,0.000718331322393291,0.0017379860891487077,0.0001194395295985054,0.8596085920496677,0.0016000332545571146,0.0008829952668814034,0.9999999999999999,1.2314111068126317
2024-06-07,0.024048348764867684,0.00038324291776374353,2.4458342087368224e-5,0.08891784249690637,0.01771548419936129,0.0038603322109478752,0.0006862061994428605,0.0016688360324398715,0.00011308173054353022,0.8602272214561134,0.0015225166356525022,0.0008324290138734813,1.0,1.231705239087042
2024-06-08,0.023446231417214303,0.00036228738508009285,2.2960095797245347e-5,0.08999300178188145,0.0170670309277022,0.003724906042533802,0.0006554727276937643,0.0016023268035354225,0.0001070550442108641,0.8607853665657444,0.0014486561521589872,0.0007847050564474545,1.0,1.2319914932575746
2024-06-09,0.022857641647264663,0.00034245495099983613,2.155220301374755e-5,0.09107484564633095,0.016441208400566117,0.0035939890137012685,0.0006260738802883304,0.0015383650346671525,0.00010134281422106078,0.861284571383889,0.001378286891802233,0.0007396681332556554,1.0,1.2322701454583924
2024-06-10,0.02228235938096547,0.0003236872769551972,2.0229339888426204e-5,0.0921634763568317,0.015837298135986787,0.003467446256587255,0.0005979547199361191,0.0014768601213466174,9.592917316996443e-5,0.8617263373794134,0.0013112507854884557,0.0006971710734305914,1.0,1.2325414638104497
2024-06-11,0.021720162909838595,0.0003059288984644692,1.8986484986216423e-5,0.09325899595509955,0.015254599526174495,0.0033451458977113062,0.0005710623419466569,0.0014177241816821882,9.079900943865137e-5,0.862112124012909,0.0012473963720609777,0.0006570744096878745,1.0,1.2328057085689277
2024-06-12,0.021170829316236282,0.0002891270970654834,1.7818903145826833e-5,0.09436150619962776,0.01469242976257131,0.003226959068954644,0.0005453458171353427,0.0013608720126805504,8.593793502938019e-5,0.8624433493138403,0.0011865785669370073,0.0006192460067760974,0.9999999999999999,1.2330631322757037
2024-06-13,0.020634134869970868,0.00027323177674828497,1.6722130104017847e-5,0.09547110851103502,0.014150123727150871,0.003112759911079349,0.0005207561347879049,0.0013062210439303858,8.133225443127866e-5,0.862721390500821,0.001128658434980637,0.0005835607049603508,1.0,1.23331397991599
2024-06-14,0.020109855397630466,0.0002581953448437205,1.5691957857052728e-5,0.09658790392090456,0.013627033853226897,0.0030024255704249815,0.0004972461458500525,0.0012536912890367831,7.696893451508397e-5,0.8629475846395855,0.0010735029679156606,0.0005498999782092007,1.0,1.233558489078322
2024-06-15,0.019597766625866247,0.00024397259731181382,1.4724420732552842e-5,0.09771199302390361,0.013122529958830323,0.002895836189383514,0.0004747705064915137,0.0012032052951472013,7.283557545233929e-5,0.8631232293336165,0.0010209848665337752,0.0005181516067306324,1.0,1.233796890117173
2024-06-16,0.019097644499907706,0.00023052060836268554,1.3815782145068765e-5,0.09884347593297906,0.012635999055518555,0.0027928748912180177,0.00045328562217737873,0.0011546880908834642,6.892038265099203e-5,0.8632495834427681,0.0009709823279097326,0.0004882093634792639,1.0,1.2340294063175086
2024-06-17,0.018609265478531038,0.00021779862433320303,1.2962522008876633e-5,0.09998245223743488,0.012166845135291657,0.0026934277597563893,0.0004327495923645695,0.0011080671329693206,6.52121396963054e-5,0.8633278678255685,0.0009233788377949054,0.00045997271425035624,1.0,1.2342562540606665
2024-06-18,0.01813240680667141,0.00020576796173441488,1.2161324781808167e-5,0.10112902096370338,0.011714488938109766,0.002597383814458405,0.0004131221559272468,0.0010632722518195286,6.170018228335034e-5,0.8633592661012334,0.0008780629683242001,0.00043334653095317144,1.0,1.234477642991004
2024-06-19,0.017666846766834537,0.00019439190937797513,1.1409068114309186e-5,0.10228328053862976,0.01127836770233357,0.0025046349813227483,0.00039436463740201243,0.001020235596334169,5.837437312505472e-5,0.8633449254277179,0.0008349281811381241,0.0004082408176697694,1.0,1.2346937761827952
2024-06-20,0.017212364910426,0.00018363563448411667,1.0702812078382984e-5,0.10344532875509958,0.010857934900245591,0.0024150760600703232,0.00037643989413181964,0.0009788915781209868,5.522507781782933e-5,0.8632859572924664,0.0007938726359918815,0.0003845704490671453,1.0,1.2349048503069289
2024-06-21,0.016768742270078626,0.00017346609266913327,1.0039788951598584e-5,0.10461526273984327,0.010452659960653468,0.0023286046880110723,0.0003593122643764776,0.0009391768153488417,5.224314164512397e-5,0.863183438312759,0.000754799004896344,0.0003622549207670245,1.0,1.2351110557969742
2024-06-22,0.016335761554020015,0.00016385194170672027,9.417393531921141e-6,0.10579317892326273,0.010062027980428587,0.0022451213009738982,0.0003429475164475394,0.0009010300764169526,4.941986729787938e-5,0.8630384110428585,0.0007176142918115168,0.00034121811124376844,1.0,1.2353125770142608
2024-06-23,0.015913207323483034,0.00015476345895476613,8.833173959740911e-6,0.1069791730111299,0.009685539426692712,0.0021645290916528074,0.0003273127989160744,0.0008643922236073069,4.674699348969557e-5,0.8628518847853821,0.0006822296578914268,0.000321388054840388,1.0,1.2355095924116182
2024-06-24,0.015500866154123322,0.00014617246233722094,8.284823024131439e-6,0.10817333995801656,0.009322709831232632,0.0020867339656974065,0.00031237659193335406,0.0008292061568714932,4.4216674443616744e-5,0.8626248364045696,0.000648560252260026,0.00030269672549065874,1.0,1.2357022746954955
2024-06-25,0.015098526782368773,0.00013805223476939498,7.770169931048415e-6,0.10937577394232006,0.008973069478597486,0.0020116444958519857,0.00029810865969673403,0.0007954167578881388,4.1821460226715134e-5,0.8623582111393283,0.0006165250482805798,0.00028507983074077536,1.0,1.2358907909861818
2024-06-26,0.014705980237587386,0.00013037745191438993,7.2871725118813e-6,0.11058656834275887,0.008636163089215448,0.0019391718744249545,0.00028448000408597953,0.0007629708345131298,3.9554277908117676e-5,0.8620529234141443,0.0005860466852658932,0.00026847661566964387,1.0,1.2360753029759077
2024-06-27,0.014323019960921668,0.00012312411315826453,6.833909851484573e-6,0.11180581571621546,0.00831154949875521,0.0018692298643490275,0.0002714628194888856,0.0007318170657317314,3.7408413515745366e-5,0.8617098576461406,0.0005570513155634667,0.00025282967630846365,1.0,1.2362559670846123
2024-06-28,0.01394944191160029,0.00011626947569192069,6.408575315538607e-6,0.11303360777681487,0.007998801334853546,0.0018017347490724362,0.0002590304488292605,0.0007019059472096486,3.5377494766804936e-5,0.861329869046728,0.0005294684569381396,0.0002380847821794596,0.9999999999999999,1.2364329346132092
2024-06-29,0.0135850446615007,0.00010979199158850635,6.009469957817021e-6,0.11427003537612887,0.007697504692232146,0.0017366052815024706,0.0002471573408051172,0.0006731897375288248,3.3455474546971974e-5,0.8609137844164706,0.0005032308501647792,0.00022419070757317971,1.0,1.2366063518941943
2024-06-30,0.0132296294787004,0.0001036712477663129,5.6349962886643325e-6,0.11551518848440606,0.00740725880713548,0.0016737626322047695,0.00023581900834022894,0.0006456224051834305,3.163661511321863e-5,0.8604624029319363,0.00047827432173504436,0.00021109907119010174,1.0,1.236776360439463
